feature,importance
duration,17680497.44590552
balance,2660993.965465769
month,2240143.3255624473
contact,1704952.616076216
day,1087919.3057433665
housing,916797.9639187753
poutcome,898101.0820255876
pdays,862953.876864016
age,833201.2003439665
job,471379.84237903357
campaign,469268.1389092058
previous,281691.3120363802
loan,243931.7219181955
marital,195190.83048325777
education,99483.31521373987
default,16118.16881096363
