{
  "cv_mean_score": 0.9701690559481913,
  "cv_std_score": 0.0005620678851333704,
  "cv_best_iterations": [
    2492,
    2186,
    1982,
    2354,
    2276
  ],
  "mean_best_iteration": 2258.0,
  "final_iterations_used": 2483,
  "validation_auc": 0.9698682582819914,
  "full_train_auc": 0.9814091976480502,
  "test_prob_mean": 0.2037122123160905,
  "test_prob_std": 0.33476518526461724,
  "parameters": {
    "boosting_type": "gbdt",
    "learning_rate": 0.021647242130854016,
    "num_leaves": 148,
    "max_depth": 10,
    "min_data_in_leaf": 12,
    "min_sum_hessian_in_leaf": 0.003246887228497265,
    "bagging_fraction": 0.8593280503095165,
    "bagging_freq": 0,
    "feature_fraction": 0.6499394970893753,
    "feature_fraction_bynode": 0.713506108651353,
    "lambda_l1": 2.412353452746242e-06,
    "lambda_l2": 6.479584245641202,
    "min_gain_to_split": 0.22612533124967193,
    "max_delta_step": 3.0419871963628085,
    "is_unbalance": true,
    "cat_smooth": 1.1459083865448303,
    "cat_l2": 72.93447940879963,
    "min_data_per_group": 194,
    "max_cat_threshold": 58,
    "path_smooth": 6.630471918034225,
    "min_child_weight": 0.9280797735870648,
    "max_bin": 450,
    "histogram_pool_size": 6923.779393067985,
    "extra_trees": false,
    "objective": "binary",
    "metric": "auc",
    "verbose": -1,
    "random_state": 42,
    "n_jobs": -1
  }
}