{
  "boosting_type": "gbdt",
  "learning_rate": 0.021647242130854016,
  "num_leaves": 148,
  "max_depth": 10,
  "min_data_in_leaf": 12,
  "min_sum_hessian_in_leaf": 0.003246887228497265,
  "bagging_fraction": 0.8593280503095165,
  "bagging_freq": 0,
  "feature_fraction": 0.6499394970893753,
  "feature_fraction_bynode": 0.713506108651353,
  "lambda_l1": 2.412353452746242e-06,
  "lambda_l2": 6.479584245641202,
  "min_gain_to_split": 0.22612533124967193,
  "max_delta_step": 3.0419871963628085,
  "is_unbalance": true,
  "cat_smooth": 1.1459083865448303,
  "cat_l2": 72.93447940879963,
  "min_data_per_group": 194,
  "max_cat_threshold": 58,
  "path_smooth": 6.630471918034225,
  "min_child_weight": 0.9280797735870648,
  "max_bin": 450,
  "histogram_pool_size": 6923.779393067985,
  "extra_trees": false,
  "objective": "binary",
  "metric": "auc",
  "verbose": -1,
  "random_state": 42,
  "n_jobs": -1,
  "n_estimators": 2640
}